-- MySQL Script generated by MySQL Workbench
-- Thu Oct 15 11:27:34 2020
-- Model: New Model    Version: 1.0
-- MySQL Workbench Forward Engineering

SET @OLD_UNIQUE_CHECKS=@@UNIQUE_CHECKS, UNIQUE_CHECKS=0;
SET @OLD_FOREIGN_KEY_CHECKS=@@FOREIGN_KEY_CHECKS, FOREIGN_KEY_CHECKS=0;
SET @OLD_SQL_MODE=@@SQL_MODE, SQL_MODE='ONLY_FULL_GROUP_BY,STRICT_TRANS_TABLES,NO_ZERO_IN_DATE,NO_ZERO_DATE,ERROR_FOR_DIVISION_BY_ZERO,NO_ENGINE_SUBSTITUTION';

-- -----------------------------------------------------
-- Schema discoteca
-- -----------------------------------------------------
DROP SCHEMA IF EXISTS `discoteca` ;

-- -----------------------------------------------------
-- Schema discoteca
-- -----------------------------------------------------
CREATE SCHEMA IF NOT EXISTS `discoteca` DEFAULT CHARACTER SET utf8 ;
USE `discoteca` ;

-- -----------------------------------------------------
-- Table `discoteca`.`disco`
-- -----------------------------------------------------
CREATE TABLE IF NOT EXISTS `discoteca`.`disco` (
  `id_disco` INT NOT NULL AUTO_INCREMENT,
  `nome_disco` VARCHAR(200) NOT NULL,
  `ano_lancamento` INT NOT NULL,
  `artista_banda` VARCHAR(80) NOT NULL,
  UNIQUE INDEX `nome_disco_UNIQUE` (`nome_disco` ASC),
  UNIQUE INDEX `artista_banda_UNIQUE` (`artista_banda` ASC),
  PRIMARY KEY (`id_disco`))
ENGINE = InnoDB;


-- -----------------------------------------------------
-- Table `discoteca`.`musica`
-- -----------------------------------------------------
CREATE TABLE IF NOT EXISTS `discoteca`.`musica` (
  `id_musica` INT NOT NULL AUTO_INCREMENT,
  `titulo` VARCHAR(100) NOT NULL,
  `duracao` TIME(4) NOT NULL,
  PRIMARY KEY (`id_musica`))
ENGINE = InnoDB;


-- -----------------------------------------------------
-- Table `discoteca`.`lista_musica`
-- -----------------------------------------------------
CREATE TABLE IF NOT EXISTS `discoteca`.`lista_musica` (
  `disco_id_disco` INT NOT NULL,
  `musica_id_musica` INT NOT NULL,
  INDEX `fk_disco_has_musica_musica1_idx` (`musica_id_musica` ASC),
  INDEX `fk_disco_has_musica_disco_idx` (`disco_id_disco` ASC),
  PRIMARY KEY (`disco_id_disco`, `musica_id_musica`))
ENGINE = InnoDB;


SET SQL_MODE=@OLD_SQL_MODE;
SET FOREIGN_KEY_CHECKS=@OLD_FOREIGN_KEY_CHECKS;
SET UNIQUE_CHECKS=@OLD_UNIQUE_CHECKS;

-- -----------------------------------------------------
-- Data for table `discoteca`.`disco`
-- -----------------------------------------------------
START TRANSACTION;
USE `discoteca`;
INSERT INTO `discoteca`.`disco` (`id_disco`, `nome_disco`, `ano_lancamento`, `artista_banda`) VALUES (1, 'Nevermind', 1991, 'Nirvana');
INSERT INTO `discoteca`.`disco` (`id_disco`, `nome_disco`, `ano_lancamento`, `artista_banda`) VALUES (2, 'Abbey Road', 1969, 'Os Beatles');

COMMIT;


-- -----------------------------------------------------
-- Data for table `discoteca`.`musica`
-- -----------------------------------------------------
START TRANSACTION;
USE `discoteca`;
INSERT INTO `discoteca`.`musica` (`id_musica`, `titulo`, `duracao`) VALUES (1, 'Smells Like Teen Spirit', '5:01');
INSERT INTO `discoteca`.`musica` (`id_musica`, `titulo`, `duracao`) VALUES (2, 'In Bloom', '4:14');
INSERT INTO `discoteca`.`musica` (`id_musica`, `titulo`, `duracao`) VALUES (3, 'Come as You Are', '3:38');
INSERT INTO `discoteca`.`musica` (`id_musica`, `titulo`, `duracao`) VALUES (4, 'Come Together', '4:20');
INSERT INTO `discoteca`.`musica` (`id_musica`, `titulo`, `duracao`) VALUES (5, 'Something', '3:03');
INSERT INTO `discoteca`.`musica` (`id_musica`, `titulo`, `duracao`) VALUES (6, 'Oh! Darling', '3:26');

COMMIT;


-- -----------------------------------------------------
-- Data for table `discoteca`.`lista_musica`
-- -----------------------------------------------------
START TRANSACTION;
USE `discoteca`;
INSERT INTO `discoteca`.`lista_musica` (`disco_id_disco`, `musica_id_musica`) VALUES (1, 1);
INSERT INTO `discoteca`.`lista_musica` (`disco_id_disco`, `musica_id_musica`) VALUES (1, 2);
INSERT INTO `discoteca`.`lista_musica` (`disco_id_disco`, `musica_id_musica`) VALUES (1, 3);
INSERT INTO `discoteca`.`lista_musica` (`disco_id_disco`, `musica_id_musica`) VALUES (2, 4);
INSERT INTO `discoteca`.`lista_musica` (`disco_id_disco`, `musica_id_musica`) VALUES (2, 5);
INSERT INTO `discoteca`.`lista_musica` (`disco_id_disco`, `musica_id_musica`) VALUES (2, 6);

COMMIT;

